<?xml version="1.0" encoding="UTF-8"?>
<project-private xmlns="http://www.netbeans.org/ns/project-private/1">
    <editor-bookmarks xmlns="http://www.netbeans.org/ns/editor-bookmarks/2" lastBookmarkId="0"/>
    <open-files xmlns="http://www.netbeans.org/ns/projectui-open-files/2">
        <group>
            <file>file:/I:/Downloads/U4Programming-master%20(2)/U4Programming-master/src/U4ProgrammingA2/Event.java</file>
            <file>file:/I:/Downloads/U4Programming-master%20(2)/U4Programming-master/src/U4ProgrammingA2/Main.java</file>
            <file>file:/I:/Downloads/U4Programming-master%20(2)/U4Programming-master/src/U4ProgrammingA2/Menu.java</file>
            <file>file:/I:/Downloads/U4Programming-master%20(2)/U4Programming-master/src/U4ProgrammingA2/ShortStore.java</file>
            <file>file:/I:/Downloads/U4Programming-master%20(2)/U4Programming-master/src/U4ProgrammingA2/Tournament.java</file>
            <file>file:/I:/Downloads/U4Programming-master%20(2)/U4Programming-master/src/U4ProgrammingA2/Player.java</file>
            <file>file:/I:/Downloads/U4Programming-master%20(2)/U4Programming-master/src/U4ProgrammingA2/Score.java</file>
            <file>file:/I:/Downloads/U4Programming-master%20(2)/U4Programming-master/src/U4ProgrammingA2/Team.java</file>
            <file>file:/I:/Downloads/U4Programming-master%20(2)/U4Programming-master/src/U4ProgrammingA2/Actions.java</file>
            <file>file:/I:/Downloads/U4Programming-master%20(2)/U4Programming-master/src/U4ProgrammingA2/InputFactory.java</file>
        </group>
    </open-files>
</project-private>
